{"cameraMode":{"drawMode":0,"name":"Shaded","section":"Shading Mode"},"sceneLighting":true,"audioPlay":false,"sceneViewState":{"m_AlwaysRefresh":false,"showFog":true,"showSkybox":true,"showFlares":true,"showImageEffects":true,"showParticleSystems":true,"showVisualEffectGraphs":true,"m_FxEnabled":true},"in2DMode":false,"pivot":{"x":-156.8582305908203,"y":0.8953641057014465,"z":-6.8132710456848148},"rotation":{"x":0.21913424134254456,"y":-0.6142421364784241,"z":0.18296314775943757,"w":0.7356747388839722},"size":158.6637725830078,"orthographic":true}